ID,Name,Base Salary,Bonus,Deduction
101,Alice,50000,5000,2000
102,Bob,52000,4000,1500
103,Charlie,48000,4500,1800
104,Diana,55000,6000,2200
105,Ethan,53000,5500,2000
106,Fiona,50000,5000,2100
107,George,51000,5200,1900
108,Hannah,52000,4800,1800
109,Ian,49500,4600,1700
110,Julia,50500,4900,2000
